Sketch, Sketch_Base64, Sketch_Hex, Wallet_Address
"[[0.3864176614138375, 0.3044403103487596, 0.016573360537379678, 0.8266343234908221, 0.717698050741337, 0.2528653991959551, 0.7918673646349345, 0.6769825550825608, 0.7358782660013735, 0.5427253006436012], [0.3301985567974346, 0.8695271999314734, 0.7570103771739302, 0.3845237451402679, 0.9805261756837413, 0.5529957134999565, 0.3163596538745296, 0.22985681024557358, 0.6120369967091548, 0.7666229279538251]]",hKGXJBG72D+ADCI283vTPwCx+GWb+JA/AZ0k08lz6j+hyArnYffmPwyL9VryLtA/Vw48OvpW6T8GWcFR16nlP9EEypNQjOc/rjsfcwFe4T+IaKgg+SHVPy0F1rQq0+s/nTqW02056D/IbHp7CZzYPzbgLW54YO8/m+8JESSy4T8aj8qPPD/UP0BBYq3ya80/JtqZnM6V4z87nX3OLIjoPw==,84a1972411bbd83f800c2236f37bd33f00b1f8659bf8903f019d24d3c973ea3fa1c80ae761f7e63f0c8bf55af22ed03f570e3c3afa56e93f0659c151d7a9e53fd104ca93508ce73fae3b1f73015ee13f8868a820f921d53f2d05d6b42ad3eb3f9d3a96d36d39e83fc86c7a7b099cd83f36e02d6e7860ef3f9bef091124b2e13f1a8fca8f3c3fd43f404162adf26bcd3f26da999cce95e33f3b9d7dce2c88e83f,0x5583579bf3312b605d2f9ee1ce682d43da08f
