Sketch_Numpy,Sketch_Base64,Sketch_Hex,Face_Filenames
"[0.9076666196888777, 0.9985262947706666, 0.866398946422969, 0.8372876289307739, 0.685034183016872, 0.7764469294305073, 0.9955507784726118, 0.39485154155689406, 0.6776007866138496, 0.6355353599498141]",14Hn3ZoL7T/gjYdq7fPvP8OdhUiKues/P0zzbA/L6j+qYpbOzOvlPw16Hzun2Og/u4JhTo3b7z9YxXBmP0XZP/ACSNjnruU/CvRNQE5W5D8=,d781e7dd9a0bed3fe08d876aedf3ef3fc39d85488ab9eb3f3f4cf36c0fcbea3faa6296ceccebe53f0d7a1f3ba7d8e83fbb82614e8ddbef3f58c570663f45d93ff00248d8e7aee53f0af44d404e56e43f,face_20250220_195030_0.npy
